Year,Region,Drought_gdp,Extreme temperature_gdp,Flood_gdp,Storm_gdp,Wildfire_gdp,Drought_affected,Extreme temperature_affected,Flood_affected,Storm_affected,Wildfire_affected,Drought_deaths,Extreme temperature_deaths,Flood_deaths,Storm_deaths,Wildfire_deaths,Greenhouse gas emissions,Yearly average,Yearly anomaly average,Period,Total_Deaths,Total_Affected,Total_GDP_Loss
1975,Africa,0.0,0.0,0.0,0.038808109875735776,0.0,0,0,248000,846308,0,0,0,26,28,0,4.9136114,23.463053416666668,-1.2072313658333333,1975-1999,54,1094308,0.038808109875735776
1975,Asia,0.0,0.0,0.010665656110742392,0.009770382573243577,0.0,0,0,48053448,9396,0,0,14,20644,822,0,3.7921789,19.15759183333333,-0.6859866210833334,1975-1999,21480,48062844,0.02043603868398597
1975,Europe,0.0,0.0,0.0009820467028338444,0.0,0.0,0,0,1000000,0,0,0,0,60,0,0,13.868584,9.1688805,-0.13956649804166668,1975-1999,60,1000000,0.0009820467028338444
1975,North America,0.0,0.0,7.699831365935918e-05,0.009051250702641934,0.0,0,0,0,540,0,0,0,0,171,0,20.666649,24.731575333333335,-1.2401133658333332,1975-1999,171,540,0.009128249016301293
1975,Oceania,0.0,0.0,0.0,0.00027276555919513335,0.0,0,0,0,23000,0,0,0,0,0,0,28.482805,24.443386999999998,-0.22508302916666664,1975-1999,0,23000,0.00027276555919513335
1975,South America,0.0,0.07864414211828198,0.033410658871149086,0.0,0.0,0,600,828000,0,0,0,126,118,20,0,12.349674,19.445840708333336,-0.907286165,1975-1999,264,828600,0.11205480098943107
1976,Africa,0.0,0.0,0.0,0.0030643230869849573,0.0,3120000,0,70000,508876,0,0,0,0,16,0,4.9150443,23.532816666666665,-1.22898435,1975-1999,16,3698876,0.0030643230869849573
1976,Asia,0.0,0.0,0.007141125438513321,0.016271866407509245,0.0,0,0,9882098,3632369,0,0,0,738,936,0,3.7517436,19.171090916666667,-1.4634877699999997,1975-1999,1674,13514467,0.023412991846022566
1976,Europe,0.0,0.0,0.0,0.027303649290696497,0.0,0,0,0,0,0,0,0,0,113,0,14.418626,8.235614576666666,-1.8249044041666664,1975-1999,113,0,0.027303649290696497
1976,North America,0.0,0.0,0.0006351854974704891,0.0015492355255761663,0.0,0,0,23250,576400,0,0,0,180,720,0,21.194284,24.68251508333333,-1.0231633653333334,1975-1999,900,599650,0.0021844210230466555
1976,Oceania,0.0,0.0,0.0,0.04076073935423491,0.0,0,0,10129,0,0,0,0,0,9,0,28.380556,24.297326875000003,-0.7442378141666666,1975-1999,9,10129,0.04076073935423491
1976,South America,0.0,0.0,0.0,0.0,0.0,0,0,0,0,0,0,0,47,0,0,12.551542,19.538498708333332,-0.972445815,1975-1999,47,0,0.0
1977,Africa,0.050775081752779595,0.0,0.011509025506867233,0.05923760627861347,0.0,4208400,0,646900,30151,0,0,0,411,26,0,5.0113983,23.945950166666666,-0.8720809750000001,1975-1999,437,4885451,0.1215217135382603
1977,Asia,0.0,0.0,0.0005878022186403717,0.009850805916374324,0.0,3750000,0,2683046,14683956,0,0,0,1835,15146,0,3.9779527,19.40455425,-1.0813745993333332,1975-1999,16981,21117002,0.010438608135014696
1977,Europe,0.0,0.0,0.006853927283755097,0.0,0.0,0,0,48836,0,0,0,0,85,0,0,14.432316,8.871464408333333,-1.0521319066666663,1975-1999,85,48836,0.006853927283755097
1977,North America,0.043639744238336144,0.040730427206295675,0.002909317032040472,0.0,0.0,450000,0,20700,50000,0,0,0,147,101,0,21.430101,24.90595875,-0.34590689333333335,1975-1999,248,520700,0.0872794884766723
1977,Oceania,0.0,0.0,0.0,0.00026640149742629854,0.0005250818905007019,0,0,120,10005,0,0,0,0,0,3,32.317127,24.031951291666665,-0.8063544399166666,1975-1999,3,10125,0.0007914833879270004
1977,South America,0.0,0.0,0.0012802563525972565,0.000791432426354846,0.0,0,0,224440,16900,0,0,0,93,25,0,12.211961,20.159286875,-0.43808269333333333,1975-1999,118,241340,0.0020716887789521024
1978,Africa,0.004009875735775016,0.0,0.014183976455199476,0.00456026814911707,0.0,527000,0,446900,123000,7200,0,0,120,174,2,4.75205,23.778324916666666,-0.8637684158333334,1975-1999,296,1104100,0.022754120340091562
1978,Asia,1.3676874940741442e-05,0.0,0.007054562908884043,0.0035230373565942924,0.0,6020885,0,41818232,3009210,0,63,150,5639,3265,0,4.072887,19.579714625,-0.8132753616666667,1975-1999,9117,50848327,0.010591277140419077
1978,Europe,0.0,0.0,0.005752252586177848,1.620446810661455e-05,0.0,0,0,2650,19,0,0,0,30,1,0,14.715322,8.201432753333334,-1.9654055941666664,1975-1999,31,2669,0.005768457054284463
1978,North America,0.0,0.0,0.00032842046093310847,0.0014461298482293422,0.0,0,0,9000,13670,0,0,0,52,226,0,21.354187,24.746344500000003,-1.1993049108333333,1975-1999,278,22670,0.0017745503091624506
1978,Oceania,0.0,0.0,0.004660224613944782,0.22502204024333178,0.0,0,0,2726,100,0,0,0,7,5,0,27.920176,24.175373875,-0.06969102521666667,1975-1999,12,2826,0.22968226485727655
1978,South America,0.24870832021587588,0.0,0.00021625815156285137,0.0,0.0,0,0,208600,100,0,0,0,72,5,0,12.212721,20.176840583333334,-0.5362097433333334,1975-1999,77,208700,0.24892457836743873
1979,Africa,0.0,0.0,0.001978809679529104,0.024735055591890123,0.0,7490000,0,213042,120257,0,0,0,66,8,0,4.7527676,23.850431166666667,-0.6281318591666666,1975-1999,74,7823299,0.026713865271419227
1979,Asia,0.00204905186308903,0.0,0.0011288518062008155,0.0009143927183085238,0.00011269792358016498,13500000,0,28102100,2239033,30000,0,470,453,908,0,3.825429,19.867361416666665,-0.9565791116666668,1975-1999,1831,43871133,0.0042049943111785336
1979,Europe,0.0,0.0011651514640967752,0.0004675169323044782,0.0,0.0,0,0,61222,0,0,0,0,70,0,0,14.901877,8.202191250833334,-1.3497667425,1975-1999,70,61222,0.0016326683964012535
1979,North America,0.0,0.0,0.0003887380550871276,0.03896665542439573,0.0,0,0,398000,1653873,0,0,0,77,1637,0,21.348957,24.73924225,-1.0972217649999998,1975-1999,1714,2051873,0.03935539347948286
1979,Oceania,0.0,0.0,0.0,0.006327889564810482,0.0,0,0,0,41900,0,0,0,0,70,0,28.610132,24.165291583333335,-0.23501229275000002,1975-1999,70,41900,0.006327889564810482
1979,South America,0.0,0.0,0.0,0.0,0.0,5000000,0,1812000,0,0,0,0,362,0,0,12.22377,20.103810958333334,-0.5385219286666667,1975-1999,362,6812000,0.0
1980,Africa,0.0,0.0,0.0,0.008339993459777633,0.0,8495000,0,0,7000,0,0,0,0,25,0,4.67068,23.9488585,-0.5552186958333333,1975-1999,25,8502000,0.008339993459777633
1980,Asia,0.0,0.0,0.0063890110932018586,0.0011333554565279226,0.0,1002100,0,44571349,17558240,0,0,129,10101,1064,0,3.7114816,19.475029083333332,-0.8267861950000001,1975-1999,11294,63131689,0.007522366549729782
1980,Europe,0.01923974121373454,0.0,0.0,0.0,0.0,0,0,104313,0,0,0,0,7,0,0,15.015487,8.0510357475,-1.697310116666667,1975-1999,7,104313,0.01923974121373454
1980,North America,0.0,0.021396958965711074,0.004675236087689713,0.01711853007307476,0.0,103000,0,258350,1301086,5000,0,1260,141,257,0,20.729527,25.05064775,-0.5297067181666667,1975-1999,1658,1667436,0.04319072512647555
1980,Oceania,0.0,0.0,0.0,0.00040187178287318673,0.0,40000,0,2900,35250,0,0,0,0,18,0,30.151743,24.34550629166667,-0.3110472340441666,1975-1999,18,78150,0.00040187178287318673
1980,South America,0.0,0.0,0.0,0.0,0.0,0,0,362050,48,0,0,0,218,15,0,12.210322,20.241238833333334,-0.36018419583333333,1975-1999,233,362098,0.0
1981,Africa,0.0,0.0,0.00011281883584041857,0.02821860693263571,0.0,7330000,0,657235,119850,0,103000,0,177,107,0,4.394617,23.884946333333332,-0.7379860891666666,1975-1999,103284,8107085,0.028331425768476127
1981,Asia,0.0,0.0,0.021355039347681806,0.0019412368446003604,0.0,0,0,19893935,3410698,48588,0,300,4606,3528,8,3.584848,19.24002858333333,-0.5290278441666667,1975-1999,8442,23353221,0.023296276192282167
1981,Europe,0.016972611786905685,0.0,0.0,0.0029062708494793947,0.0,0,0,27800,10000,0,0,0,77,21,0,14.33393,8.45918573,-0.560075726,1975-1999,98,37800,0.01987888263638508
1981,North America,0.0,0.0,0.0,0.009502459246767847,0.0,0,0,150000,0,0,0,0,50,130,0,19.958776,24.650498916666667,0.1999825700833333,1975-1999,180,150000,0.009502459246767847
1981,Oceania,0.968640383715489,0.0,0.0018208703790360318,0.00019372952737482452,0.0,80000,0,2250,6700,0,0,0,2,4,0,28.228735,24.2074095,0.04954004385833333,1975-1999,6,88950,0.9706549836218998
1981,South America,0.0,0.0,0.0008533843040251856,0.0,0.0,0,0,57300,0,0,0,0,317,0,0,11.842523,20.036627583333335,-0.49200662,1975-1999,317,57300,0.0008533843040251856
1982,Africa,0.00010631131458469588,0.0,0.009567037279267495,0.026997416612164815,0.0,2237300,0,667514,104722,0,0,0,229,95,0,4.365307,23.750565583333337,-0.8422306216666667,1975-1999,324,3009536,0.036670765206017
1982,Asia,0.0,0.0,0.013160915426187542,0.008522124774817483,0.0,102000000,0,35477674,7810715,9000,280,400,2457,1681,0,3.507431,18.65515866666667,-0.9589782833333333,1975-1999,4818,145297389,0.021683040201005026
1982,Europe,0.0,0.0,0.011314937493681976,0.0038446709573070055,0.0,0,0,244010,0,18,0,0,57,14,2,14.241769,9.052725308333333,-0.7903284583333333,1975-1999,73,244028,0.015159608450988982
1982,North America,0.0,0.0,0.004828482293423271,0.02500031197301855,0.0,0,200,93456,353500,0,0,0,1156,953,0,19.065979,24.97738683333333,-1.4691005133333332,1975-1999,2109,447156,0.02982879426644182
1982,Oceania,0.0,0.0,0.0,0.008120636406176884,0.0,0,0,0,176514,0,0,0,0,8,0,26.576275,24.205404416666667,-0.5279072196666666,1975-1999,8,176514,0.008120636406176884
1982,South America,0.0,0.0,0.046205172026085,0.0,0.0,0,0,928000,4300,0,0,0,729,33,0,11.4797945,20.2144435,-0.4052783660833333,1975-1999,762,932300,0.046205172026085
1983,Africa,0.007390058862001308,0.0,0.0001448005232177894,0.004943590582079791,0.0,34423000,0,137000,44163,0,450500,0,0,86,0,4.3608475,24.194694333333334,-0.40585724633333325,1975-1999,450586,34604163,0.012478449967298888
1983,Asia,0.0,0.0,0.0001269839764862046,0.004537923106096521,0.0,21691060,0,10359294,2938551,0,0,0,1450,3118,0,3.5578942,18.521835541666665,-0.48636495583333333,1975-1999,4568,34988905,0.004664907082582725
1983,Europe,0.0010081915287933417,0.0,0.04886549516460559,2.1225191225528187e-05,0.0021225090137143242,0,0,514324,1052,20,0,0,94,29,31,14.161857,9.043893341666667,-0.27739191124999996,1975-1999,154,515396,0.05201742089833878
1983,North America,0.0,0.0,0.004585255761663856,0.04121676784710512,0.0,156000,0,164575,291500,0,0,188,25,407,0,18.905127,25.177594916666667,-0.9604899647499999,1975-1999,620,612075,0.04580202360876897
1983,Oceania,0.004421385119326158,0.0,0.001753813757604118,0.017604539073467478,0.06361609733270941,31000,0,13140,217196,12000,0,0,56,16,75,29.101028,24.42854858333333,-0.49711846583333325,1975-1999,147,273336,0.08739583528310717
1983,South America,0.07570951203058242,0.0,0.16150418259500787,0.0,0.0,23703049,2700,9768300,540,0,20,17,469,1,0,11.399245,20.365252458333334,-0.21711762625,1975-1999,507,33474589,0.23721369462559028
1984,Africa,0.0,0.0,0.0,0.051461249182472205,0.0,3220000,0,5970,1588215,0,0,0,54,383,0,4.525942,24.054319333333336,-0.6878933891666666,1975-1999,437,4814185,0.051461249182472205
1984,Asia,0.0,0.0,0.004734716032995165,0.0026589575234663887,1.4314497013368731e-05,2000,0,51142757,6522005,0,230,290,2548,3371,0,3.7934334,19.105971916666665,-1.2378887316666667,1975-1999,6439,57666762,0.007407988053474922
1984,Europe,0.0,0.0,0.0,0.020778313171816557,0.0,0,0,2000,62310,200,0,0,0,465,17,14.204699,8.539885653333334,-0.9118404991666668,1975-1999,482,64510,0.020778313171816557
1984,North America,0.008486866216975829,0.0,0.0005516469926925239,0.02162114109050028,0.0,30000,0,26600,34657,0,0,0,29,523,0,19.051546,24.679607083333334,-0.9046214333333333,1975-1999,552,91257,0.030659654300168634
1984,Oceania,0.0,0.0,0.003249976602714085,0.0,0.0,0,0,6805,0,0,0,0,36,0,0,26.28826,24.521636458333333,0.019059500000000007,1975-1999,36,6805,0.003249976602714085
1984,South America,0.0,0.0,0.16296615695974814,0.0,0.0,0,0,2334500,323373,0,0,0,313,137,0,11.312353,19.72822125,-0.7330344491666666,1975-1999,450,2657873,0.16296615695974814
1985,Africa,0.0,0.0,0.0012683453237410072,0.0005310006540222368,0.0,500000,0,1114972,35000,1500,0,0,104,2,4,4.3889017,23.78649675,-0.7480788158333334,1975-1999,110,1651472,0.001799345977763244
1985,Asia,0.0,0.0009953944249549635,0.011159128188110363,0.0017044396510856167,0.0,0,0,14730307,4240763,0,0,328,3216,16687,13,3.8870063,19.497785166666667,-1.0069385816666665,1975-1999,20244,18971070,0.013858962264150943
1985,Europe,0.0,0.0,0.0003026552549112107,1.9651582033224384e-05,0.0009335242780604509,0,7085,10030,0,430,0,128,352,3,23,14.685941,7.745101424999999,-1.9892624133333336,1975-1999,506,17545,0.001255831115004886
1985,North America,0.0,0.0,0.00010245081506464305,0.042668114109050026,0.0,0,0,9445,1521461,0,0,0,524,386,0,18.71694,24.703325250000002,-0.987795828,1975-1999,910,1530906,0.04277056492411467
1985,Oceania,0.0,0.0,0.0,0.05062802994852597,0.004526345343940103,0,0,270,240150,100,0,0,4,68,11,27.22896,24.439978666666665,-0.04293123958333333,1975-1999,83,240520,0.05515437529246607
1985,South America,0.042690915223746344,0.0,0.11344895435124804,0.0,0.0,0,0,1833475,3000,800,0,0,176,22,0,12.079888,19.645926083333332,-0.6625278783333334,1975-1999,198,1837275,0.15613986957499437
1986,Africa,0.0,0.0,0.0,0.014038129496402877,0.0,850000,0,36723,84309,0,0,0,23,99,0,4.1593056,23.965822666666668,-0.7225286275,1975-1999,122,971032,0.014038129496402877
1986,Asia,0.0,0.0,0.023626270503460698,0.030407957239025316,0.0,1000,30000,11041901,14393839,0,84,2,1334,1685,0,4.0203953,19.332704,-0.815762345,1975-1999,3105,25466740,0.054034227742486014
1986,Europe,0.0048217609596657345,0.0,0.00019286989924857635,0.0010125686558614415,0.0,0,0,8500,1900,2050,0,0,3,11,20,14.609483,8.0453932,-1.3296479786666666,1975-1999,34,12450,0.006027199514775753
1986,North America,0.0,0.01407627318718381,0.0011305283867341202,0.000575115233277122,0.0,0,0,234012,4480,2000,0,48,237,13,0,18.513968,24.660360833333332,-0.6642687533333332,1975-1999,298,240492,0.015781916807195054
1986,Oceania,0.0,0.0,0.013311792232101076,0.030675432849789425,0.0,0,0,216830,158512,0,0,0,28,110,0,23.883532,24.199543374999998,-0.09865228333333335,1975-1999,138,375342,0.0439872250818905
1986,South America,0.0,0.0,0.004401933888014391,0.00016089498538340453,0.0,0,0,1044953,59806,0,0,0,158,21,0,11.905169,19.792590708333336,-0.5507958791666666,1975-1999,179,1104759,0.004562828873397796
1987,Africa,0.0,0.0,0.06909113799869196,0.0009930673642903859,0.0,12987267,0,195000,57714,0,1017,0,524,65,0,4.1084843,24.623272749999998,-0.04012981916666668,1975-1999,1606,13239981,0.07008420536298235
1987,Asia,0.0,0.0,0.011837181188963687,0.0054883639897601215,0.000719827913150659,303202100,7,49499889,5764441,56313,300,140,5468,2489,191,3.918444,19.260654,-1.0000970958333333,1975-1999,8588,358522750,0.018045373091874466
1987,Europe,0.0,0.0,0.022326289719311252,0.04633262796104728,0.0,0,0,70000,4600,0,0,1000,142,135,0,14.552625,8.053851241666667,-2.037397168333333,1975-1999,1277,74600,0.06865891768035853
1987,North America,0.0,0.0,0.00171867341202923,0.005027993254637437,0.0,73000,0,42637,3928,0,0,80,143,180,0,19.004929,25.151389249999998,0.046629166,1975-1999,403,119565,0.0067466666666666664
1987,Oceania,0.0,0.0,0.0,0.010547402901263454,0.0,0,0,700,55804,130,0,0,0,59,0,22.855623,24.0765405,-0.09761269916666665,1975-1999,59,56634,0.010547402901263454
1987,South America,0.0,0.0,0.014837351023161681,0.0006208005396896784,0.006208095345176524,750000,0,279262,1000,152752,0,0,493,1,0,11.437925,20.343740958333335,-0.10457976866666667,1975-1999,494,1183014,0.021666246908027882
1988,Africa,0.0,0.0,0.000884761281883584,1.3603662524525835e-05,0.0,3553500,0,3163247,15307,0,200,0,450,161,0,4.009989,24.222592333333335,-0.3506399761666667,1975-1999,811,6732054,0.0008983649444081099
1988,Asia,0.005928408552194937,0.0,0.03540592111500901,0.0026157035175879396,0.0,50536000,200,95554024,18548901,0,1400,450,7006,2524,0,3.9601798,19.429927583333335,-0.3542803299999999,1975-1999,11380,164639125,0.04395003318479189
1988,Europe,0.0,0.0,0.004469073693432624,0.0,0.0,0,0,48780,0,0,0,94,16,0,0,14.49233,9.074051316666667,-0.69730531675,1975-1999,110,48780,0.004469073693432624
1988,North America,0.006038743676222597,4.4744238336143905e-06,0.00018220629567172568,0.014461562675660483,0.0,0,0,1358748,2363022,0,0,23,111,606,0,19.311071,25.091644000000002,-0.39915960933333333,1975-1999,740,3721770,0.02068698707138842
1988,Oceania,0.0,0.0,0.0,0.0025343004211511463,0.0,0,0,1958,6700,0,0,0,17,7,0,22.685019,24.803344666666668,0.1600222610833333,1975-1999,24,8658,0.0025343004211511463
1988,South America,0.0028870024735776927,0.0,0.09066588711490893,0.002982437598380931,0.0,0,0,7853014,100000,0,0,77,904,37,0,11.028349,20.004111791666666,-0.4186043710833333,1975-1999,1018,7953014,0.09653532718686755
1989,Africa,0.0,0.0,9.100719424460432e-05,0.009535513407455853,0.0,8860000,0,1369391,66114,0,237,0,89,57,0,4.089607,23.930649583333334,-0.68521944,1975-1999,383,10295505,0.009626520601700456
1989,Asia,0.0,0.0,0.017184225372143737,0.010327638190954775,0.0,5000000,0,101866268,50653017,0,0,297,4272,3964,0,3.9272697,19.271478916666666,-0.5221287316666667,1975-1999,8533,157519285,0.02751186356309851
1989,Europe,0.013642507665869191,0.0,0.008654466421808135,0.0,0.0,3200000,0,6800,0,0,0,0,29,55,0,14.32663,9.598313806666667,0.33183207983333335,1975-1999,84,3206800,0.022296974087677328
1989,North America,0.0,0.0,0.0,0.05929796233839236,0.030461877459246767,0,0,24930,70264,25000,0,84,60,138,1,19.269932,24.84455791666667,-1.0139270966666667,1975-1999,283,120194,0.08975983979763913
1989,Oceania,0.0,0.0,0.0,0.015205240992044922,0.0,0,0,154,0,0,0,0,19,12,0,23.398878,24.550628458333335,0.08314522,1975-1999,31,154,0.015205240992044922
1989,South America,0.0,0.0,0.0008535192264447943,0.002845086575219249,0.0,0,0,1064444,45000,0,0,0,247,47,0,10.705624,19.80435625,-0.5665381758333333,1975-1999,294,1109444,0.0036986058016640435
1990,Africa,0.00013652714192282538,0.0036899607586657946,0.019084172661870503,0.030854414650098104,0.0,8066900,1000000,692368,0,0,0,0,315,2,0,4.092601,24.360352666666667,-0.191786129,1975-1999,317,9759268,0.05376507521255723
1990,Asia,0.00036421020195316205,0.0,0.015820237982364652,0.053662145633829525,0.0006259884327296861,254282,0,45700189,17049825,0,0,583,1685,4148,0,3.834115,19.4417985,-0.22061719133333335,1975-1999,6416,63004296,0.07047258225087702
1990,Europe,0.052584223472722985,0.0,0.007636846716312296,0.12369426491896081,0.012822461839134684,6000000,0,44388,0,0,0,5,19,257,0,14.492451,9.586451566666666,0.05748627833333336,1975-1999,281,6044388,0.19673779694713078
1990,North America,0.0,0.00028508993816750986,0.0013475182686902753,0.004896810005621135,0.0,0,0,186661,14168,0,0,391,104,208,0,19.338753,25.07225325,-0.702089612,1975-1999,703,200829,0.00652941821247892
1990,Oceania,0.0,0.0,0.030951333645297147,0.04162419279363594,0.0,0,0,6800,205105,0,0,0,12,10,0,24.790794,24.557623083333333,0.16710289408333334,1975-1999,22,211905,0.07257552643893309
1990,South America,0.0019435574544636833,0.0,0.0,0.0,0.0,2483160,0,45525,0,0,0,0,116,0,0,10.811609,19.992752,-0.3627500561666667,1975-1999,116,2528685,0.0019435574544636833
1991,Africa,0.08661811641595814,0.0,0.0018076847612818836,0.0,0.0,22652000,0,2150422,257800,0,0,0,522,40,5,4.115537,24.2127255,-0.5121960691666666,1975-1999,567,25060222,0.08842580117724003
1991,Asia,0.0,0.0,0.051318126007395465,0.0722639636863563,7.206551626054802e-05,7500000,450,224772797,22938659,8,2000,785,5114,146055,57,3.9515848,19.38736833333333,-0.45212845,1975-1999,154011,255211914,0.12365415521001231
1991,Europe,0.0,0.005991643360177916,0.017152239107726522,0.0074585065875930855,0.0,0,0,57000,0,0,0,25,120,89,0,14.002739,8.533720338333334,-0.5623478891666666,1975-1999,234,57000,0.030602389055497524
1991,North America,0.008642192242833052,0.0,0.005709673974142777,0.019809072512647553,0.01670176503653738,0,0,800422,13000,300,0,0,76,100,28,18.695707,25.24922583333333,-0.46360017408333337,1975-1999,204,813722,0.05086270376616077
1991,Oceania,0.05098062704726252,0.0,0.0,0.03013139915769771,0.0,0,0,128,94408,0,0,0,0,13,0,23.483349,24.477434333333335,-0.4022498888750001,1975-1999,13,94536,0.08111202620496023
1991,South America,0.010358848662019339,0.0,0.000103597931189566,0.0,0.0,0,0,18500,0,0,0,25,20,0,0,11.023322,20.223035958333334,-0.40337753249999997,1975-1999,45,18500,0.010462446593208906
1992,Africa,0.0,0.0,6.57946370176586e-05,0.0,0.0,7431500,0,2258,0,0,0,18,21,0,0,4.169275,24.106242750000003,-0.6930775625000001,1975-1999,39,7433758,6.57946370176586e-05
1992,Asia,0.0,0.00503413055845264,0.03228877879965867,0.009021961221200341,3.285531430738599e-05,12000000,0,18864717,18130190,50000,0,290,4990,1174,56,3.8968604,18.441008166666666,-0.9586110066666667,1975-1999,6510,49044907,0.046377725893619035
1992,Europe,0.008953762172726355,0.0,0.005875765744515955,0.0030252653570104794,0.0,0,0,49530,3000,0,0,0,23,48,66,12.768159,9.311393133333334,-0.6174437362499999,1975-1999,137,52530,0.017854793274252788
1992,North America,0.0,0.013056582349634626,0.0012729229904440698,0.21842442945474985,0.0018535553681843732,1000000,16000,17927,306805,2190,0,80,23,116,0,18.724602,25.03850375,-1.0226675808333334,1975-1999,219,1342922,0.23460749016301294
1992,Oceania,0.1569194197473093,0.0,0.0,0.07648254562470753,0.0,7000000,0,90000,8822,0,0,0,0,6,0,24.908895,24.33126216666667,-0.8707289600000001,1975-1999,6,7098822,0.23340196537201685
1992,South America,0.012567910951203059,0.0,0.037995300202383626,0.0,0.006032583764335507,1100000,0,580892,38000,0,0,0,178,0,0,11.220126,19.992565833333334,-0.5465626733333334,1975-1999,178,1718892,0.05659579491792219
1993,Africa,0.0,0.0,0.0002634401569653368,0.00036677567037279266,0.0,2346507,0,284705,17397,0,0,0,111,24,0,4.1921844,24.20815075,-0.4062474569166667,1975-1999,135,2648609,0.0006302158273381295
1993,Asia,0.0,0.0,0.08854331326443539,0.02255169242438608,0.0,1175000,0,147067006,13571651,0,0,0,4901,2454,0,3.8856943,19.451965416666667,-0.7324899378833334,1975-1999,7355,161813657,0.11109500568882147
1993,Europe,0.0,0.0,0.013741436128988779,0.01490748391009873,0.0,10000,260,505353,788420,0,0,41,165,38,0,12.156388,8.782339075000001,-1.1575417783333333,1975-1999,244,1304033,0.02864892003908751
1993,North America,0.0,0.0,0.07720894041596403,0.04758894041596402,0.0061031028667790895,0,0,1027670,353385,130,0,48,688,373,3,18.617771,25.06844225,-0.7737019366666668,1975-1999,1112,1381185,0.13090098369870715
1993,Oceania,0.0,0.0,0.0007214787084698175,0.010923444080486663,0.0,0,3000500,74530,312768,0,0,17,1,44,0,24.933792,24.066477791666667,-0.6551610563333333,1975-1999,62,3387798,0.01164492278895648
1993,South America,0.0,0.0,0.0549829323139195,0.002661254778502361,0.0,0,0,302559,15900,0,0,0,252,115,0,11.2424345,20.099864708333335,-0.3677283916666667,1975-1999,367,318459,0.05764418709242186
1994,Africa,0.0,0.0,0.0146797580117724,0.010076291693917593,0.0,1200000,0,1166881,3048851,0,0,0,1085,490,22,4.550879,24.19417925,-0.5117719958333333,1975-1999,1597,5415732,0.024756049705689995
1994,Asia,0.06950268322745805,0.0,0.042571278562624444,0.014910749502228121,0.0,93690000,8000,127583530,29377366,3000000,0,294,5117,2383,0,4.0344763,19.980300291666666,-0.4967378683333334,1975-1999,7794,253658896,0.12698471129231062
1994,Europe,0.0,0.0,0.0788074266266806,0.00799398861070863,0.0,0,0,842178,31148,16820,0,42,209,45,21,11.447216,9.750026553333333,-0.5393967770833333,1975-1999,317,890146,0.08680141523738923
1994,North America,0.00023792017987633502,0.0,0.004181453063518831,0.005983507588532884,1.1897133220910625e-05,75000,0,71326,1721362,4432,0,0,212,1297,13,18.893625,25.211718833333332,-0.46518973466666674,1975-1999,1522,1872120,0.01041477796514896
1994,Oceania,0.009903135236312588,0.0,0.0,0.007684838558727188,0.014854702854468882,0,1100184,157,2860414,46161,0,5,0,27,4,23.885948,24.013189041666664,-0.4668715795,1975-1999,36,4006916,0.03244267664950866
1994,South America,0.0,0.022604992129525523,0.002379469305149539,0.003331257027209355,0.0,50000,0,119099,1000,0,0,0,148,0,24,12.568064,20.289631625,-0.18673833358333333,1975-1999,172,170099,0.028315718461884416
1995,Africa,0.0,0.0,0.005203629823413996,0.0,0.0,1811994,0,1269725,2775,85,0,32,1246,0,0,4.545558,24.30834,-0.25713062187499997,1975-1999,1278,3084579,0.005203629823413996
1995,Asia,6.245614866786763e-05,0.0,0.11514134588034512,0.010579349578079074,0.00021957665686925192,9060000,0,189869107,13259091,3240,0,678,6421,3162,29,4.0442667,19.567993333333334,0.05295558491666669,1975-1999,10290,212191438,0.12600272826396133
1995,Europe,0.0,0.005717774707686087,0.00386364187754827,0.022291201940896992,0.0,0,178,1728800,238360,2014,0,258,7,182,0,11.296431,9.243558558333334,0.09504966833333328,1975-1999,447,1969352,0.03187261852613135
1995,North America,0.0005785694210230466,0.0,0.018542006745362563,0.10637815907813378,0.0005178189994378865,0,0,191115,303625,6500,0,759,65,403,0,18.505337,25.350920000000002,-0.34629672224999997,1975-1999,1227,501240,0.12601655424395727
1995,Oceania,0.0,0.0,0.0,0.022030416471689285,0.0,0,500100,0,431769,0,0,1,0,8,0,28.218338,24.582119624999997,-0.15439685191666666,1975-1999,9,931869,0.022030416471689285
1995,South America,0.0,0.0004629188216775354,0.00013888014391724758,0.04629078030132674,0.0,0,35000,397300,46000,0,0,2,207,8,0,12.290957,20.232804083333335,-0.17363484475,1975-1999,217,478300,0.04689257926692152
1996,Africa,0.0,0.0,0.004045650752125572,0.0009482995421844343,0.0,3342000,0,674618,300200,0,0,52,328,37,0,4.4808536,24.161283333333333,-0.38553524125,1975-1999,417,4316818,0.0049939502943100065
1996,Asia,0.0025712572295439463,0.0,0.11093397174552005,0.026763866502322934,0.008119557694131033,0,0,181018058,25671396,5561,0,232,7531,4006,25,4.1242604,20.005788833333334,-0.7276498787499999,1975-1999,11794,206695015,0.14838865317151798
1996,Europe,0.0,0.0,0.00651660208242073,0.0024766452134649727,0.0,0,200,249190,12060,600,0,16,52,8,19,11.818733,8.428752393333333,-1.1156780991666666,1975-1999,95,262050,0.008993247295885702
1996,North America,0.0067451236649803265,0.0,0.02096946599213041,0.02321632658797077,0.0,0,0,371221,1170594,50,0,0,119,522,1,18.789913,24.85293125,-0.8268910258333332,1975-1999,642,1541865,0.0509309162450815
1996,Oceania,0.0,0.0,0.03147290594291062,0.05610781469349555,0.0,0,0,13226,624806,0,0,0,5,8,0,27.11636,24.735148875,-0.22865128308333335,1975-1999,13,638032,0.08758072063640618
1996,South America,0.0,0.0,0.0,0.0,0.0,0,0,346700,0,0,0,0,27,0,0,11.882604,19.740095916666668,-0.4196762983333333,1975-1999,27,346700,0.0
1997,Africa,0.0,0.0,0.0009905166775670373,0.003262393721386527,0.0,3077100,0,3351704,600060,0,0,0,3022,192,0,4.408943,24.281287333333335,-0.36097574208333333,1975-1999,3214,7028864,0.004252910398953564
1997,Asia,0.0030762657627761447,0.0001343344078884991,0.01432445719161847,0.020602863373471128,0.0384475111406087,4065000,702180,40081046,12643890,40070,672,173,4036,4791,240,4.56533,19.503407958333334,-0.314489628,1975-1999,9912,57532186,0.07658543187636294
1997,Europe,0.005399737170199144,0.0,0.044666391481618765,0.0006387471779492536,0.0,0,10000,477971,22796,1259,0,139,136,113,14,10.909402,8.936277483333333,-0.7812519361666667,1975-1999,402,512026,0.05070487582976716
1997,North America,1.0983698707138841e-05,2.1970207982012368e-05,0.04100180157391793,0.014828754918493536,1.3732433951658234e-05,290000,0,255374,811647,2600,0,292,76,427,0,18.8009,25.27088433333333,-0.528087667,1975-1999,795,1359621,0.055877242833052274
1997,Oceania,0.0,0.0,0.0,0.020758727187646233,0.0006126813289658399,500000,0,600,21460,8000,60,0,0,79,2,26.45406,24.204352916666668,-0.4844073433333333,1975-1999,141,530060,0.021371408516612074
1997,South America,0.0012744097144142118,0.0,0.023206926017539913,0.0005273442770407016,0.0,641200,0,498507,584233,1300,0,0,418,559,10,12.455308,20.385200041666664,-0.03655480999999997,1975-1999,987,1725240,0.025008680008994828
1998,Africa,0.0011452910398953564,0.0,0.003829136690647482,0.01038332243296272,0.0,236700,0,3274039,160,1500,12,0,272,18,75,4.4974523,24.880561666666665,0.09914286883333333,1975-1999,377,3512399,0.015357750163505558
1998,Asia,0.0,0.0,0.17939551294206885,0.02091910732909832,0.005948096615151228,2605000,34100,289643494,26195580,2300,8,2813,9666,5016,5,3.9648235,20.573798,-0.2221109893333333,1975-1999,17508,318480474,0.2062627168863184
1998,Europe,0.0,0.0,0.008460572160258787,0.011853792499241837,0.006400798598241062,0,2286,265957,256865,101583,0,226,140,54,17,10.834099,9.152915683333333,-0.8804139108333334,1975-1999,437,626691,0.026715163257741682
1998,North America,0.0020174002248454187,0.02312168634064081,0.009003664980326027,0.1426491174817313,0.0015636228218100057,820000,0,70100,4561858,49221,0,230,466,19847,52,18.764305,25.612076666666667,0.6330538591666667,1975-1999,20595,5501179,0.17835549184935356
1998,Oceania,0.0,0.0,0.04133303696771175,0.0,0.0,292635,0,15375,5971,0,0,0,20,0,0,28.13103,24.741880666666667,0.44315107116666663,1975-1999,20,313981,0.04133303696771175
1998,South America,0.0052793793568698,0.0,0.04807688329210704,0.0,0.0015578367438722734,10100000,0,416800,4000,12000,0,0,88,0,1,13.192113,20.403457708333335,0.22493791575000002,1975-1999,89,10532800,0.054914099392849115
1999,Africa,0.06620035971223022,0.0,0.0034433616742969263,0.02709594506213211,0.0,32719545,0,1491549,146623,3005,206,0,395,327,4,4.2905226,24.093037083333332,-0.2745647444166666,1975-1999,932,34360722,0.09673966644865926
1999,Asia,0.016167723049208306,0.0,0.04506706172371291,0.039688695837678964,2.3658386270977528e-05,66129000,0,144758467,18106614,4000,143,151,3436,11402,61,4.025085,20.565909875,-0.22327127525000004,1975-1999,15193,228998081,0.10094713899687116
1999,Europe,0.02030576540755467,0.0,0.011419860498028777,0.11661489368871517,0.0007191798362368164,0,725246,359502,3503316,6,0,348,108,252,0,10.720722,9.673144241666668,-0.1413544316666667,1975-1999,708,4588070,0.14905969943053543
1999,North America,0.0063513293985385045,0.005292774030354132,0.002419328274311411,0.07109280775716695,0.00048693648116919616,65000,0,1250977,3332071,2519,0,272,741,258,1,18.760782,24.705871333333334,0.001249666666666686,1975-1999,1272,4650567,0.0856431759415402
1999,Oceania,0.0,0.0,0.0038093589143659338,0.19385100608329434,0.0,84000,0,38350,12469,2000,0,0,2,51,1,27.763397,24.757648416666665,0.26321371125,1975-1999,54,136819,0.19766036499766027
1999,South America,0.010586732628738476,0.0,0.13381652799640206,2.1182819878569822e-05,0.011857139644704294,40000,0,1187693,1000,7300,12,0,30127,3,3,12.87302,19.629666458333332,-0.45282761,1975-1999,30145,1235993,0.1562815830897234
2000,Africa,0.0,4.820143884892086e-05,0.040201242642249835,0.0005957161543492478,0.0005957161543492478,3431290,105,5713013,1119513,1255,21,3,1168,188,0,4.269416,24.01948825,-0.48393534866666665,2000-2024,1380,10265176,0.041440876389797245
2000,Asia,0.00816594292215796,4.318763629468095e-06,0.042824516450175404,0.038299601782497396,0.0,77773000,712,67538202,11222316,1883,57,375,4218,929,2,4.063108,19.944695416666665,-0.4531570280833333,2000-2024,5581,156536113,0.08929437991846023
2000,Europe,0.004038979681234626,0.0021996495602655255,0.08791565522121508,0.010874866057889948,0.0003002392425110355,0,892,260856,2671704,276,2,412,93,61,23,10.525101,9.801621535833334,0.3769447858333333,2000-2024,591,2933728,0.10532938976311622
2000,North America,0.005662591343451377,0.0,0.0014709415401911185,0.010997816188870151,0.012799707700955593,1125,0,17407,119474,36087,0,101,200,164,14,19.074875,24.78371325,-0.24073591625,2000-2024,479,174093,0.03093105677346824
2000,Oceania,0.0,0.0,0.022674777725783808,0.012786523163313055,0.0,0,0,600,1350,200,0,0,0,1,0,29.13681,24.690448916666668,-0.02303457383333335,2000-2024,1,2150,0.03546130088909687
2000,South America,0.0,0.0004096469530020238,0.013518012143017765,0.0,0.0,20000,25977,424603,530,0,0,36,291,1,8,11.985339,19.682944875,-0.5853246058333333,2000-2024,336,471110,0.01392765909601979
2001,Africa,0.0,0.0,0.02053721386527142,0.0,0.0,12554558,0,2852576,5941,0,58,0,1586,18,31,4.0564685,24.137933041666667,-0.17089541883333334,2000-2024,1693,15413075,0.02053721386527142
2001,Asia,0.0,4.2666160993647486e-08,0.007068725703991656,0.026894183180051198,0.0,17630000,202012,30184176,25712737,0,0,538,3010,1625,0,3.9735775,20.574695000000002,-0.13833638791666664,2000-2024,5173,73728925,0.033962951550203846
2001,Europe,0.0,5.964214711729622e-07,0.007667004751154093,0.0005324830676955218,0.0,0,6294,753023,12848,0,0,1170,101,32,0,10.636928,9.438338116666667,-0.3354152925,2000-2024,1303,772165,0.008200084240320787
2001,North America,0.00018124227093872962,0.0,0.0008912731871838111,0.03735079258010118,0.0,896596,1850,41573,6225503,1339,41,56,61,182,2,18.312326,25.074530333333332,0.22731268291666665,2000-2024,342,7166861,0.038423308038223726
2001,Oceania,0.0,0.01658011230697239,0.018776977070659805,0.004799906410856341,0.0074610669162377165,0,0,4001,18251,4400,0,0,4,4,0,28.17891,24.69567225,0.03638521849999999,2000-2024,8,26652,0.04761806270472625
2001,South America,0.0,0.0,0.03684596357094671,0.0005975713964470429,0.0,1000000,3000,718995,16150,0,0,14,200,40,0,11.509509,19.902821333333335,-0.2291994091666667,2000-2024,254,1738145,0.03744353496739375
2002,Africa,0.0,0.0,0.01838603662524526,0.006513897972531066,0.0,5943435,0,1013989,645636,2250,588,60,482,88,4,4.1168013,24.53074375,-0.037161193749999995,2000-2024,1222,7605310,0.024899934597776327
2002,Asia,0.009761638380582156,0.0,0.02341316962169337,0.0184780767042761,0.0,371510000,53724,164688275,109396460,422,0,2810,3004,834,0,4.1155076,20.460177666666667,0.09004318866666666,2000-2024,6648,645648881,0.051652884706551626
2002,Europe,0.0,0.0,0.11039090204535498,0.016360963035347238,0.0,0,25062,1095518,125586,120,0,435,301,83,0,10.517804,9.89972325,-0.1625924279666666,2000-2024,819,1246286,0.12675186508070221
2002,North America,0.017204005059021924,0.0,0.0059407729061270375,0.035171793142214726,0.0011376222596964586,220000,0,491454,859824,23088,0,64,132,225,0,18.243149,25.445798999999997,-0.20011530916666673,2000-2024,421,1594366,0.05945419336706014
2002,Oceania,0.16321268132896585,0.0,4.080486663547029e-05,0.010649649040711277,0.00408029948525971,0,0,3301,18306,244,0,0,0,48,2,26.261297,24.759893416666667,-0.0868478575,2000-2024,50,21851,0.1779834347215723
2002,South America,0.0,0.0,0.012509849336631436,0.0009803912750168653,0.003137261074881943,21500,25200,495968,117767,0,0,0,239,84,0,12.301437,20.29302775,0.01784674308333334,2000-2024,323,660435,0.016627501686530245
2003,Africa,0.0,0.0,0.029920470896010465,0.0,0.0,15619500,0,1436730,217252,0,9,40,420,152,0,4.2510867,24.65750625,0.05319865483333334,2000-2024,621,17273482,0.029920470896010465
2003,Asia,4.041433583009386e-06,0.0016167796529818906,0.06362894899023419,0.02115248411870674,0.0,51015000,200,167117221,10576723,300,0,2073,2875,610,0,4.2762628,20.22862125,-0.04708460500000001,2000-2024,5558,228709444,0.08640225419550583
2003,Europe,0.003275176062270445,0.06964057687771676,0.01669190282036594,0.0017527917242308858,0.01005536273882131,1062575,0,35636,77,153204,0,72225,23,22,24,10.782384,9.539576958333333,-0.17454691916666673,2000-2024,72294,1251492,0.10141581022340533
2003,North America,0.0,0.0,0.0010674114671163574,0.0750285975267004,0.019386180438448565,35000,0,296983,263102,27894,0,21,119,216,19,18.43518,25.503705416666666,0.05862615941666668,2000-2024,375,622979,0.09548218943226533
2003,Oceania,0.0,0.0,0.010133926064576509,0.013245999064108564,0.02393846513804399,0,0,473,34595,2650,0,0,7,22,4,26.891209,24.584606625,-0.11748767250000001,2000-2024,33,37718,0.04731839026672906
2003,South America,0.004601439172475827,0.0,0.0510840341803463,0.0,0.0,0,1839888,540479,900,285,0,339,459,12,0,15.756841,20.073419458333333,-9.536724999999191e-05,2000-2024,810,2381552,0.055685473352822125
2004,Africa,0.0,0.0,0.0,0.013577141922825376,0.0,17779000,113,806738,1055108,777,80,13,267,412,0,4.1736507,24.534246666666665,-0.0771417625,2000-2024,772,19641736,0.013577141922825376
2004,Asia,0.0,0.0,0.0362370010429506,0.07384976533611454,0.0,0,300,115097460,13978173,2155,0,59,3064,2996,0,4.45446,20.1248865,-0.07010131008333334,2000-2024,6119,129078088,0.11008676637906514
2004,Europe,0.007488344509215891,0.0,0.0009559086161000101,0.004808730666846379,1.678741112646157e-05,0,0,417979,19186,2100,0,71,30,38,14,10.760666,9.276515258333333,-0.11888731066666662,2000-2024,153,439265,0.013269771203288741
2004,North America,1.4651489600899381e-05,0.0,0.003309839797639123,0.2977425913434514,0.0,137500,0,77519,6142483,15487,0,17,3410,3064,0,18.289524,25.174104,-0.4937516066666667,2000-2024,6491,6372989,0.3010670826306914
2004,Oceania,0.0,0.0,0.023119981282171267,0.019817173607861487,0.0,0,0,19570,89923,0,0,0,7,28,0,27.14637,24.63856954166667,-0.43388374999999996,2000-2024,35,109493,0.042937154890032754
2004,South America,0.0616201034405217,0.0,1.3807060939959523e-05,0.01307092421857432,0.0,55000,2139467,563543,151790,0,0,95,193,9,0,13.470735,20.272313666666665,-0.07030486991666667,2000-2024,297,2909800,0.07470483472003597
2005,Africa,0.0,0.0,0.0007418247220405494,0.019700032701111838,0.0,20714000,0,734409,14537,0,149,0,397,127,0,4.0648894,24.804143999999997,0.25292603124999996,2000-2024,673,21462946,0.02044185742315239
2005,Asia,0.0017594695173983124,0.0,0.042930895041243956,0.03379780032236655,0.0,8784000,1550,73140845,41584637,2140,0,753,4633,1328,0,4.619423,19.925687083333333,0.08011646075000002,2000-2024,6714,123513172,0.07848816488100882
2005,Europe,0.0,0.002164989722680864,0.02638265323314351,0.030769892509350676,0.02008026417764599,0,665,150796,411861,137,0,764,164,43,28,10.811167,9.144754130833332,0.09276086258333334,2000-2024,999,563459,0.07939779964282104
2005,North America,0.0,0.0,0.005053212478920742,0.7667848454187746,0.0004514502529510961,0,31,66521,7107621,1410,0,33,182,3683,5,18.317274,25.28447608333333,0.4296756108333333,2000-2024,3903,7175583,0.7722895081506465
2005,Oceania,0.0,0.0,0.009771361722040243,0.003908563406644829,0.0030065512400561534,0,0,5893,1934,220,0,0,4,10,12,23.025003,24.667131333333337,0.2887341957833333,2000-2024,26,8047,0.016686476368741224
2005,South America,0.0,0.0,0.01900276590960198,0.0,0.0,52990,0,964785,3794,3000,0,0,363,65,0,12.440906,20.453812666666664,0.07827567958333335,2000-2024,428,1024569,0.01900276590960198
2006,Africa,0.0,0.0,0.01164702419882276,0.0,0.0,3757000,0,2118615,89622,0,0,0,1466,8,0,4.0077324,24.687246416666667,-0.08255688591666667,2000-2024,1474,5965237,0.01164702419882276
2006,Asia,0.010733236939414052,0.0,0.02109145728643216,0.04344902815966625,5.163790651370058e-05,20100000,100,27241414,66716979,200,134,131,4004,4182,0,4.961695,19.815978958333332,-0.05615175966666672,2000-2024,8451,114058693,0.07532536029202618
2006,Europe,0.0011827509519156249,0.0052433231121744115,0.0008490278666981164,5.2434545270748394e-05,0.0034553492603699833,0,61654,131128,1802,0,0,4495,53,26,4,10.885269,9.698983916666666,-0.11582841916666671,2000-2024,4578,194584,0.010782885736428886
2006,North America,0.0,0.0,0.006501079258010118,0.020688698707138842,0.0009446599213041035,0,0,117090,291631,2021,0,200,70,113,17,17.457043,25.389505666666665,0.7503854188333333,2000-2024,400,410742,0.028134437886453062
2006,Oceania,0.0,0.0,0.0002548432381843706,0.08609335517080019,0.007281516144127281,0,0,14924,9198,141,0,0,5,0,4,24.300415,24.575139541666665,-0.30532860666666667,2000-2024,9,24263,0.09362971455311184
2006,South America,0.0,0.0,0.007236181695525073,0.0,0.0,0,0,697557,0,0,0,0,232,0,0,11.714512,20.581352041666666,0.06115039166666666,2000-2024,232,697557,0.007236181695525073
2007,Africa,0.0,0.0,0.025436396337475475,0.01193302812295618,0.0,4067750,0,5057559,389016,3505,0,22,936,109,36,3.9789762,24.613012916666666,-0.016413371083333333,2000-2024,1103,9517830,0.037369424460431656
2007,Asia,0.0,0.0,0.03183441499952593,0.04249703707215322,0.0,0,103025,167529142,22480277,15,0,384,6933,4925,1,4.986016,20.21650358333333,0.5533105650000001,2000-2024,12243,190112459,0.07433145207167915
2007,Europe,0.002069747615998922,0.0,0.04702173063315025,0.047420625400141525,0.008933830912828115,210394,491,423783,9634,1005502,0,598,49,81,92,10.983037,10.137576606666666,0.5557552669666667,2000-2024,820,1649804,0.10544593456211881
2007,North America,0.0012756351883080382,0.0,0.016192054525014054,0.035344120292299046,0.011969704890387858,0,0,1873826,944474,650991,0,0,225,745,8,17.443893,25.448810416666664,-0.019647766249999976,2000-2024,978,3469291,0.064781514896009
2007,Oceania,0.0,0.0,0.0946537669630323,0.007125690219934488,0.0,0,0,5900,163329,0,0,0,15,175,0,24.469288,25.094125875000003,0.07556255275000001,2000-2024,190,169229,0.10177945718296678
2007,South America,0.0,0.0,0.02721659545761187,0.0,0.0010206206431302002,1000000,884572,4005072,0,125000,0,82,431,0,8,11.322777,20.437852833333334,-0.057347295500000006,2000-2024,521,6014644,0.028237216100742073
2008,Africa,0.0,0.0,0.016640516677567038,0.003811543492478744,0.020487115761935907,17942500,0,1015523,762240,3048,4,0,525,129,83,4.233129,24.48536891666667,-0.13692585658333334,2000-2024,741,19723311,0.040939175931981694
2008,Asia,0.000808123162984735,0.07577008865080118,0.012854605575045036,0.023535360766094623,0.0,16080000,79170684,27718771,11129479,300,0,1579,2778,139788,2,5.158964,20.4925785,0.18008932508333333,2000-2024,144147,134099234,0.11296817815492556
2008,Europe,0.0,0.0,0.006519705495838528,0.01659383023890555,0.0,0,500,245135,3956,0,0,109,65,19,0,10.724782,9.681993516666667,0.4980872158333333,2000-2024,193,249591,0.023113535734744076
2008,North America,0.0,0.0,0.04112801573917931,0.2046356548622822,0.008607498594716132,0,0,11819228,3688189,55320,0,0,236,1036,1,16.978054,25.18641725,-0.43824658916666664,2000-2024,1273,15562737,0.25437116919617764
2008,Oceania,0.0,0.0,0.14078797379503977,0.032725549836218996,0.0,0,0,84385,12000,0,0,0,7,8,0,26.984215,24.7304575,0.051926054416666645,2000-2024,15,96385,0.17351352363125877
2008,South America,0.0,0.0,0.06988335956824826,0.0,0.0,45500,0,4029419,55910,0,4,0,387,3,0,10.725512,20.36395,-0.09627930166666666,2000-2024,394,4130829,0.06988335956824826
2009,Africa,0.0,0.0,0.00717217135382603,0.0003825376062786135,0.0,20980000,0,2588355,155829,125,0,0,656,48,0,4.2960343,24.81816458333333,0.19671026883333334,2000-2024,704,23724309,0.007554708960104644
2009,Asia,0.012477010050251256,0.00021488100881767328,0.01860255759931734,0.026060856167630604,0.0,62463000,819138,54631514,50181534,0,0,294,2516,2825,0,5.324088,20.642539833333334,-0.10900965958333332,2000-2024,5635,168095186,0.057355304826016876
2009,Europe,0.0,0.0,0.004798834113960306,0.032764123732183174,0.0005665970280014826,0,10767,45084,2067,1040,0,413,64,41,8,10.239684,9.594074336666667,-0.00905474575,2000-2024,526,58958,0.03812955487414497
2009,North America,0.0001109584035975267,0.0045204721753794265,0.002952290612703766,0.04877588251826869,0.00041095278246205735,2545000,0,199548,222808,455,0,58,67,355,2,15.701612,25.374090833333337,-0.32519612083333327,2000-2024,482,2967811,0.05677055649241147
2009,Oceania,0.0,0.0,0.013222227421619092,0.005015301824988301,0.08894791764155358,0,2000,27706,19245,9954,0,347,40,3,180,23.497965,24.467702458333335,-0.32322788275,2000-2024,570,58905,0.10718544688816097
2009,South America,5.590285585788172e-05,0.0,0.01975486845064088,0.0,0.0,307500,24262,2255176,3088,0,0,274,284,14,0,10.423893,20.653393916666666,0.12610117552000003,2000-2024,572,2590026,0.01981077130649876
2010,Africa,0.0,0.0,0.002783812949640288,0.0,0.0,7765876,0,4402477,203202,2770,20000,0,639,200,8,4.425654,25.12109925,0.6802298325000001,2000-2024,20847,12374325,0.002783812949640288
2010,Asia,0.008081492367497866,0.0,0.10691563003697734,0.008218083341234474,0.000920676495685977,41482602,16482,179257510,6892324,20025,0,780,6254,850,66,5.479263,21.94503825,0.05547749666666666,2000-2024,7950,227668943,0.12413588224139564
2010,Europe,0.006786410351450618,0.0019389763116217946,0.04046166728442902,0.033667870741651784,0.008725386663072413,0,11,303028,531884,7196,0,56161,181,68,61,10.703582,8.6894898125,-0.4413760466666665,2000-2024,56471,842119,0.09158031135222564
2010,North America,0.0,0.0,6.469083754918493e-05,0.06574702922990444,0.0,0,0,1200474,1289834,0,0,0,367,436,0,15.939458,25.228498083333335,0.9803606258333333,2000-2024,803,2490308,0.06581172006745363
2010,Oceania,0.0,0.0,0.498754936827328,0.18649808142255497,0.0,0,0,202017,45509,0,0,0,37,4,0,28.170124,25.058768375,0.3150213524166667,2000-2024,41,247526,0.685253018249883
2010,South America,0.003710456487519676,0.0,0.06379284911176074,0.0,0.0,124500,57750,3451098,0,500,0,503,882,8,31,10.2502985,20.883673,0.22407261316666668,2000-2024,1424,3633848,0.06750330559928042
2011,Africa,0.0,0.0,0.045899738391105296,0.00045601700457815564,0.0,26173194,0,1446429,123508,0,0,0,672,120,0,4.535423,24.704729166666667,-0.07747141503333334,2000-2024,792,27743131,0.04635575539568345
2011,Asia,0.00046938939982933535,0.0009292713567839196,0.1885545273537499,0.013683189532568503,0.0,1750000,4182472,129727092,37412268,0,0,354,3775,2132,0,5.7879715,20.035153166666667,0.017597280166666666,2000-2024,6261,173071832,0.20363637764293166
2011,Europe,0.0,0.0,0.004186962967954982,0.00047930720760184657,0.0,0,0,24469,7085,0,0,36,25,11,0,10.27992,9.875453083333333,0.23774875250000005,2000-2024,72,31554,0.004666270175556828
2011,North America,0.03135581506464306,0.0019597386172006746,0.03328817313097246,0.17291830803822372,0.011299853850477796,2500000,122643,1632352,999198,13105,0,25,287,817,9,15.331171,25.253984666666668,0.07192714191666667,2000-2024,1138,5267298,0.25082188870151767
2011,Oceania,0.0,0.0,0.0,0.16333921385119327,0.00352391202620496,0,0,217,46900,120,0,0,0,4,0,26.746918,24.758921416666666,0.09641432400000001,2000-2024,4,47237,0.16686312587739824
2011,South America,0.0,0.0,0.1053046548234765,0.0,0.006271868675511581,0,38915,3622161,2000,1482,0,20,1392,16,1,10.323616,20.653028666666664,-0.04052289316666667,2000-2024,1429,3664558,0.11157652349898808
2012,Africa,0.0,0.0,0.04517540876389797,0.004512557226945716,0.0,12973900,7500,9335212,471842,0,0,0,852,160,0,4.3236566,24.69841108333333,0.0004282019999999904,2000-2024,1012,22788454,0.049687965990843685
2012,Asia,3.88736133497677e-06,6.541907651464872e-05,0.062354690907367026,0.01866255570304352,0.0,16800000,130768,53549806,18882610,0,0,403,2252,2584,0,5.8809824,20.682047916666665,-0.1605730164166667,2000-2024,5239,89363184,0.08108655304826017
2012,Europe,0.018507376082488123,0.0006104727566802574,0.02121165886039694,2.7162449034605924e-05,0.0,5800,442844,123207,310,604,0,1056,211,1,6,10.523652,9.454516466666666,-0.0018508908333333407,2000-2024,1274,572765,0.04035667014859993
2012,North America,0.07680028948847667,0.0,0.0008064024732996065,0.306250921866217,0.003072009555930298,391485,0,94306,853727,2847,0,123,67,319,3,14.9578495,25.265981083333333,0.7329129566666667,2000-2024,512,1342365,0.38692962338392356
2012,Oceania,0.0,0.0,0.0450097800655124,0.009622133832475432,0.0,0,0,240381,24062,0,0,0,24,17,0,24.438164,24.605595416666667,-0.18965172750000003,2000-2024,41,264443,0.054631913897987834
2012,South America,0.04485642005846638,0.0,0.01146294130874747,0.00043015516078255,0.006144704295030358,5391900,30113,675737,34630,3027,0,252,142,24,12,10.888324,20.631098333333334,0.203172367,2000-2024,430,6135407,0.06289422082302676
2013,Africa,0.024835022890778286,0.0,0.006474002616088947,0.0015984303466317854,0.0,5080000,0,2280876,201873,5016,0,0,731,216,1,4.1821504,24.83187008333333,0.2125740043333333,2000-2024,948,7567765,0.03290745585349902
2013,Asia,0.0,0.0,0.0829414952119086,0.07550199819853987,0.0,5000000,68500,26639524,48206971,0,0,984,8580,7984,0,5.875582,20.47764625,0.18535933366666665,2000-2024,17548,79914995,0.15844349341044847
2013,Europe,0.0,0.0,0.08482845638036189,0.022959042356033292,0.0,0,11325,1418175,22306,0,0,789,63,36,9,10.153514,9.478972166666667,0.2844744828333334,2000-2024,897,1451806,0.10778749873639518
2013,North America,0.0007569139966273188,0.0015138279932546375,0.030768993816750984,0.08217829960652051,0.0026809949409780775,0,0,220772,349474,2375,0,29,101,350,22,14.98417,25.506084416666667,-0.29873473766666664,2000-2024,502,572621,0.11789903035413153
2013,Oceania,0.0518583528310716,0.0,0.00012601778193729526,0.12728291998128216,0.0230621431913898,6384,0,45227,7500,1440,0,0,0,6,3,21.611397,24.834212625,0.4203009598333334,2000-2024,9,60551,0.20232943378568086
2013,South America,0.0,0.030280008994827974,0.05601801214301776,0.003542770407015966,0.0,418520,110191,1401274,63876,0,0,19,345,6,0,10.602688,20.500751625,0.11879872933333335,2000-2024,370,1993861,0.0898407915448617
2014,Africa,0.0,0.0,0.005459679529103989,0.016682374100719426,0.0,6795326,0,950022,131112,0,0,0,507,67,0,4.0660644,24.8178805,0.22633902025,2000-2024,574,7876460,0.022142053629823414
2014,Asia,0.011636804304541577,5.653503365886034e-05,0.09288963923390538,0.07919804209727885,0.0,31726000,1017000,38037275,25307218,0,0,409,2586,1147,0,5.9299,20.553382,0.05031246708333336,2000-2024,4142,96087493,0.18378102066938468
2014,Europe,0.0,0.0,0.020734423964686458,0.006594699599016073,0.0,0,93300,1132804,18095,0,0,94,141,34,0,9.666639,10.468689866666667,0.49312622449999993,2000-2024,269,1244199,0.02732912356370253
2014,North America,0.00845384766722878,0.009310404721753793,0.006779463181562676,0.04509774311410905,0.00037241708825182685,4874545,8141,310205,245350,429,0,21,35,160,2,15.112221,25.583236666666668,-0.18136100125,2000-2024,218,5438670,0.07001387577290612
2014,Oceania,0.0,0.0,0.0014881141787552643,0.06405166120729995,0.00775067852129153,0,0,79580,88905,290,0,139,47,13,2,20.68731,24.635526291666665,0.08679724108333335,2000-2024,201,168775,0.07329045390734674
2014,South America,0.1489832471328986,0.0,0.008045086575219249,0.0,0.0010130874747020463,27051180,109257,1221482,18,13000,0,505,200,11,12,10.7466755,20.70390675,0.21604712741666665,2000-2024,728,28394937,0.15804142118281989
2015,Africa,0.07591223021582734,0.0,0.020384630477436234,0.0020384892086330935,0.0,30331228,66,2762968,222075,57003,0,126,981,192,3,3.7373765,24.934456,0.3537777233333333,2000-2024,1302,33373340,0.09833534990189666
2015,Asia,0.048934004930311935,0.0,0.03936297051294207,0.03970347018109415,0.003137117189722196,349931687,1059867,23010210,9828197,409664,11,3516,2074,688,19,5.967216,20.519608833333333,0.5956431325,2000-2024,6308,384239625,0.13113756281407035
2015,Europe,0.0,0.0,0.011116982848670688,0.0092269905987802,0.0006101661219125922,0,0,202830,17567,5977,0,3762,46,11,30,10.032112,10.070581875,0.8456508496666667,2000-2024,3849,226374,0.020954139569363484
2015,North America,0.017110851602023608,0.0,0.012654589657110736,0.06367397976391231,0.007260952782462057,800000,0,209991,82773,26400,0,0,120,340,12,14.594898,25.881329833333336,0.28928808975000003,2000-2024,472,1119164,0.10070037380550871
2015,Oceania,0.004019372952737483,0.0,0.04155638745905475,0.15132466073935424,0.021738137576041178,2622200,0,20500,291206,743,24,0,7,33,2,19.449764,24.451543958333332,-0.010677255583333331,2000-2024,66,2934649,0.21863855872718765
2015,South America,0.0,0.002797571396447043,0.04470152912075557,0.0005714189341128851,0.0,0,200620,1310233,26500,119032,0,21,260,18,12,10.223173,21.201992666666666,0.6068100875,2000-2024,311,1656385,0.0480705194513155
2016,Africa,0.0,0.0,0.012082701111837802,0.001132603008502289,0.0,11641000,750020,1289529,37272,0,0,11,826,97,0,3.7283998,25.168312166666666,0.6955812675,2000-2024,934,13717821,0.013215304120340091
2016,Asia,0.009356058594861098,0.005511401346354414,0.10929131269555324,0.032655342751493316,0.0016109770550867546,13520000,158100,74166999,5889034,60137,0,421,3283,777,18,5.699557,21.023206458333334,0.6278352425000001,2000-2024,4499,93794270,0.15842509244334882
2016,Europe,0.0,0.0,0.02099864204602891,0.004421693567409105,0.0006914411834080264,0,0,61992,7200,1361,0,58,56,1,4,10.000526,9.678044708333333,0.6055362633333334,2000-2024,119,70553,0.026111776796846044
2016,North America,0.000308566610455312,0.0,0.055860385047779654,0.12232442664418212,0.02020373524451939,3600000,0,3509205,87564586,96452,0,0,153,834,16,14.163649,25.728143333333332,1.1108765516666668,2000-2024,1003,94770243,0.19869711354693648
2016,Oceania,0.0,0.0,0.003058025269068788,0.06727646233036967,0.006727655591951333,100000,0,7180,545950,540,0,0,1,52,2,20.720997,25.06043775,0.6065892308333334,2000-2024,55,653670,0.07706214319138979
2016,South America,0.013225747695075332,0.0,0.03870737575893861,0.0,0.0,665000,0,198621,0,0,0,0,78,0,0,9.739391,21.067458875,0.44934081841666673,2000-2024,78,863621,0.05193312345401394
2017,Africa,0.05021860693263571,0.0,0.000502158273381295,0.03469270765206017,0.01757652060170046,16561874,1775000,1450141,1317109,7500,0,0,312,400,9,3.7775903,25.062563666666666,0.34845336591666665,2000-2024,721,21111624,0.10298999345977763
2017,Asia,0.0003700767990897886,0.0,0.04524721484782403,0.04592615909737366,0.0,2000000,0,51549735,12093329,0,0,264,2650,1552,0,5.7492113,20.691937333333332,0.686505285,2000-2024,4466,65643064,0.09154345074428748
2017,Europe,0.009918108299356404,0.0,0.0005774067459648886,0.00963651649425481,0.003156545472925161,0,52759,45407,17445,17267,0,95,31,56,113,10.000076,9.901361416666667,0.4087322066666667,2000-2024,295,132878,0.02328857701250126
2017,North America,0.008991975829117482,0.0,0.00683390106801574,0.906721981450253,0.05467120573355818,0,0,174919,11935516,55745,0,0,91,543,45,14.06184,25.586433416666665,0.6296553666666668,2000-2024,679,12166180,0.9772190640809444
2017,Oceania,0.0,0.0,0.004371548900327562,0.19223018249883014,0.0011977070659803463,0,0,7204,53747,143,0,0,0,12,0,20.869635,25.008782625000002,0.44381475374999996,2000-2024,12,61094,0.19779943846513806
2017,South America,0.0,0.0,0.09508102091297504,0.0,0.01582765909601979,0,0,2392412,0,19608,0,0,259,0,11,9.597096,20.909117541666667,0.3745609925,2000-2024,270,2412020,0.11090868000899484
2018,Africa,0.0,0.0,0.032276389797253106,0.0,0.0,1226600,70000,3475674,506931,0,0,0,735,152,0,3.4957786,25.03398891666667,0.3857345545,2000-2024,887,5279205,0.032276389797253106
2018,Asia,0.003257201099838817,0.0,0.05088326538352138,0.09146816867355646,0.0,21700000,326768,30124913,15820069,0,0,427,2007,1324,17,5.84551,21.5112175,0.36076100975000003,2000-2024,3775,67971750,0.14560863515691666
2018,Europe,0.0,0.0,0.0036706034976581193,0.008940721771068505,0.00042935943660073455,0,0,75426,3730,5047,0,1138,48,35,100,9.907002,10.249727958333333,0.51597513875,2000-2024,1321,84203,0.01304068470532736
2018,North America,0.011072636312535132,0.0,0.0027340387858347387,0.13954181281618888,0.07970044969083755,2546610,0,392688,1564563,256240,0,70,44,187,104,14.145619,25.48465358333333,0.00045890266333333446,2000-2024,405,4760101,0.2330489376053963
2018,Oceania,0.07014838558727188,0.0,0.0021278427702386524,0.0035073935423490877,0.0,0,0,700,267200,0,0,0,0,9,0,19.54392,24.813154958333335,0.5206797958333333,2000-2024,9,267900,0.07578362189985963
2018,South America,0.10955655498088598,0.0,0.0014888464133123453,0.0,0.0,75000,0,193856,1200,0,0,0,41,2,0,9.469344,20.586593708333332,0.10679499041666668,2000-2024,43,270056,0.11104540139419833
2019,Africa,0.005416742969260955,0.0,0.00229107259646828,0.09047943100065402,0.0,6983000,125025,4811312,4583605,12,0,8,971,1306,50,3.4124873,25.20046191666667,0.5170809441666667,2000-2024,2335,16502954,0.09818724656638325
2019,Asia,7.445482127619228e-05,0.0,0.06090157153692993,0.11512577510192472,0.0,15704561,30897,28889809,33248550,3035,77,335,3745,649,31,5.951367,20.739998166666666,0.6442593083333333,2000-2024,4837,77876852,0.17610180146013085
2019,Europe,0.0,0.0,0.012345553795868854,0.0017158102234053308,0.00043825521447585675,0,5460,73715,154168,0,0,2727,88,53,0,9.60958,10.41699645,0.779918489,2000-2024,2868,233343,0.014499619233750042
2019,North America,0.0,0.0,0.03724419055649241,0.053048833614390105,0.005603870151770658,0,0,44175,106190,1265,0,0,37,510,3,13.93018,25.916497833333334,0.30935045583333337,2000-2024,550,151630,0.09589689432265318
2019,Oceania,0.0,0.0,0.11483284978942443,0.0,0.11483284978942443,0,0,10250,17780,9510,0,0,5,1,32,18.338604,24.885820958333333,0.5436869467833333,2000-2024,38,37540,0.22966569957884886
2019,South America,0.0,0.0,0.0,0.0,0.0,35032,0,1020745,0,10042942,8,0,292,0,0,9.441108,20.994733583333336,0.4566556591666666,2000-2024,300,11098719,0.0
2020,Africa,0.009908731196860693,0.0,0.01839061478090255,0.0,0.0,26089316,0,8127127,137110,0,0,0,1286,33,0,3.2954807,25.273505416666666,0.46182774725000003,2000-2024,1319,34353553,0.028299345977763242
2020,Asia,0.0,0.0,0.12957782781833696,0.06228532995164502,0.0,0,30000,25791327,30997862,141300,0,3,4722,906,22,5.7816052,21.028465583333332,0.9816399733333334,2000-2024,5653,56960489,0.19186315776998197
2020,Europe,0.0,0.0,0.001845439229032584,0.01095354651750514,0.0006616234794622098,0,0,85940,32870,1968,0,6567,23,70,16,8.915876,10.558412725,1.3652230483333332,2000-2024,6676,120778,0.013460609225999932
2020,North America,0.015329314221472738,0.0,0.012178288364249579,0.21587351602023608,0.037471655424395726,0,0,158956,9326336,0,45,0,49,692,32,12.56405,25.862964416666667,0.39908534383333333,2000-2024,818,9485292,0.28085277403035414
2020,Oceania,0.0,0.0,0.07373182030884418,0.16023167992512868,0.0005671502105755732,0,0,63600,515735,195,0,0,20,59,0,17.87588,25.153357541666665,0.5603352366666666,2000-2024,79,579530,0.23453065044454843
2020,South America,0.08176552732178997,0.0,0.016216797841241287,0.006132426354845963,0.0,0,0,126119,279529,126000,0,0,223,35,5,9.278587,21.18053875,0.40160624283333335,2000-2024,263,531648,0.10411475151787723
2021,Africa,0.03759156311314585,0.0,0.002839241334205363,0.0,0.0,39033941,0,2811656,618389,43503,0,0,369,66,90,3.3108938,25.14313866666667,0.5974137029166666,2000-2024,525,42507489,0.04043080444735121
2021,Asia,0.008506506589551531,0.0,0.06649618137859106,0.03122226462501185,0.0007655873708163459,28471000,0,22908617,17175088,561238,0,0,3209,1265,13,5.9399676,21.314742666666664,0.4882479241666666,2000-2024,4487,69115943,0.10699053996397079
2021,Europe,0.0,0.02184472150149948,0.16556738551740405,0.010809236108771101,0.0024926407655760353,0,0,399216,8398,99720,0,0,282,18,3,9.352693,9.571001608333333,0.08730251499999997,2000-2024,303,507334,0.20071398389325068
2021,North America,0.02928296514896009,0.0,0.019066467116357504,0.3987331028667791,0.0267318071950534,0,0,297882,26022,64610,0,1044,110,530,7,13.175419,25.6004275,0.8023958833333332,2000-2024,1691,388514,0.4738143423271501
2021,Oceania,0.0,0.0,0.1504353299017314,0.03927463734206832,0.0065006083294337855,10204,0,20980,99414,243,0,0,6,8,0,17.348114,25.127745291666663,0.6397791666666667,2000-2024,14,130841,0.1962105755732335
2021,South America,0.07809669440071959,0.0,0.01478628288733978,0.004555633011018664,0.0,0,0,3462372,521,1207,0,0,219,0,15,9.890444,20.726497291666668,0.13419246608333332,2000-2024,234,3464100,0.09743861029907804
2022,Africa,0.022432930019620666,0.0,0.2769064748201439,0.0005608240680183126,0.0,100839820,0,7399842,2325406,36768,2465,0,2169,384,44,3.2798626,24.918281333333336,0.27907896162499995,2000-2024,5062,110601836,0.2999002289077829
2022,Asia,0.01930936996302266,0.0,0.06485722717360387,0.008746311747416326,0.0,6100000,61667,45825382,8690554,12084,0,212,4935,736,4,6.064611,20.676638333333333,0.7105830058333332,2000-2024,5887,60689687,0.09291290888404286
2022,Europe,0.0,0.0,0.0001697543552245847,0.0075230784782828455,0.0,0,0,14720,62276,60889,0,61570,14,48,19,9.222396,10.615905341666666,0.9246687708333332,2000-2024,61651,137885,0.00769283283350743
2022,North America,0.0662765964024733,0.0,0.005368403597526701,0.38088556211354696,0.0009218465430016863,0,0,3096122,5797973,2402,136,0,122,436,6,13.2236185,25.396169333333333,0.27326521583333335,2000-2024,700,8896497,0.4534524086565487
2022,Oceania,0.0,0.0,0.4236332241459991,0.0012539541413196069,0.0,4480,0,247212,70254,0,0,0,31,1,0,16.610807,25.012563416666666,0.8896303925,2000-2024,32,321946,0.4248871782873187
2022,South America,0.09641315493591185,0.0,0.029550663368563077,0.0,0.018559523274117383,0,0,968130,35002,137136,0,0,779,0,3,10.090818,20.632339,-0.08628066641666667,2000-2024,782,1140268,0.1445233415785923
2023,Africa,0.0,0.0,0.0003366579463701766,0.22645896010464356,0.0,4036049,0,11559509,5529821,30026,0,0,4159,14688,34,3.20355,25.21341525,0.8098395808333332,2000-2024,18881,21155405,0.22679561805101373
2023,Asia,0.006588691096994406,0.0,0.0004227718782592206,0.06987311320754717,0.0,19400000,1032090,19024279,16470788,50805,0,531,2702,437,15,6.2254395,21.404332416666666,0.8710367149999999,2000-2024,3685,55977962,0.0768845761828008
2023,Europe,0.008325598948680797,0.0,0.052128948343835295,0.0004856622974020285,0.0008672507328907909,26000,0,1603719,556154,36387,0,47537,50,63,44,8.96112,10.869058966666666,1.1284146508333335,2000-2024,47694,2222260,0.06180746032280891
2023,North America,0.041955252951096124,0.001591408094435076,0.01081432827431141,0.16340847948285553,0.01649275435637999,10300,25,4958543,1341955,38497,247,26,229,221,132,12.961447,26.176663333333334,1.227899145,2000-2024,855,6349320,0.23426222315907813
2023,Oceania,0.0,0.0,0.09153210107627516,0.34204094525035095,0.0,113401,0,7137,959224,0,0,0,4,23,0,16.46416,24.963755125,0.6301194033333334,2000-2024,27,1079762,0.4335730463266261
2023,South America,0.057875826399820106,0.0,0.06450143917247583,0.04097607375758939,0.020835304699797618,3067115,0,1300180,402294,11716,10,0,298,70,38,9.877732,21.59805658333333,0.7307354514166665,2000-2024,416,4781305,0.18418864402968294
2024,Africa,0.029504937867887507,0.0,0.03924133420536298,0.032275997383911056,0.0,27955000,0,12075270,1376933,250,0,21,2717,279,0,3.1489234,25.561415999999998,1.05290525,2000-2024,3017,41407453,0.10102226945716154
2024,Asia,0.002322935431876363,0.0,0.0367874845927752,0.02228548402389305,0.0,266000,36377795,31898475,40507606,19900,0,4283,2669,1663,4,6.2676706,21.325184083333333,1.0688159466666667,2000-2024,8619,109069776,0.061395904048544614
2024,Europe,0.00037065741146342283,0.0,0.05319607777066415,0.010861818917006437,0.0019543754422616843,0,0,86657,326000,42399,0,62557,275,60,10,8.943579,10.937722345,1.3947885366666668,2000-2024,62902,455056,0.06638292954139569
2024,North America,0.01517706576728499,0.0,0.010680157391793142,0.5089333333333333,0.008178752107925801,100000,2567,1900177,5060799,7739,0,1161,63,570,5,12.801218,26.18532875,1.3965107241666666,2000-2024,1799,7071282,0.5429693086003373
2024,Oceania,0.0,0.0,0.02667290594291062,0.0,0.0,13924,0,6206,25134,0,0,0,2,1,0,16.234562,25.339723208333332,0.5358030866666668,2000-2024,3,45264,0.02667290594291062
2024,South America,0.13604677310546437,0.0,0.1843939734652575,0.021137845738700246,0.02900832021587587,1143043,0,3226383,747689,68124,0,0,282,16,151,9.801082,21.687675875,0.8733255053333334,2000-2024,449,5185239,0.37058691252529796
